# NVIDIA GB10 sm_121 48 SMs, smem/block 101376, L2 24 MB, B=8 H=768
# RESULT,L,method,config,ms,rel_err
RESULT,128,cufft_pipeline_fp32,-,0.14066,2.401e-07
RESULT,128,cufft_core_fp32,-,0.07854,2.401e-07
RESULT,128,fused_fp32io,16x16/w4/occ10/smem7168,0.03290,3.814e-04
RESULT,128,fused_bf16io,16x16/w4/occ10/smem7168,0.03413,2.367e-03
RESULT,128,fused_fp32io,16x16/w8/occ5/smem11264,0.04333,3.814e-04
RESULT,128,fused_bf16io,16x16/w8/occ5/smem11264,0.04476,2.367e-03
RESULT,256,cufft_pipeline_fp32,-,0.33628,2.335e-07
RESULT,256,cufft_core_fp32,-,0.25362,2.335e-07
RESULT,256,fused_fp32io,32x16/w4/occ8/smem11264,0.06557,3.520e-04
RESULT,256,fused_bf16io,32x16/w4/occ8/smem11264,0.06377,2.371e-03
RESULT,256,fused_fp32io,16x32/w4/occ8/smem11264,0.08269,3.457e-04
RESULT,256,fused_bf16io,16x32/w4/occ8/smem11264,0.08306,2.369e-03
RESULT,256,fused_fp32io,32x16/w8/occ5/smem15360,0.07374,3.520e-04
RESULT,256,fused_bf16io,32x16/w8/occ5/smem15360,0.07172,2.371e-03
RESULT,512,cufft_pipeline_fp32,-,0.82563,3.433e-07
RESULT,512,cufft_core_fp32,-,0.60747,3.433e-07
RESULT,512,fused_fp32io,32x32/w4/occ5/smem16384,0.20257,3.344e-04
RESULT,512,fused_bf16io,32x32/w4/occ5/smem16384,0.15034,2.363e-03
RESULT,512,fused_fp32io,32x32/w8/occ4/smem20480,0.21028,3.344e-04
RESULT,512,fused_bf16io,32x32/w8/occ4/smem20480,0.16263,2.363e-03
RESULT,512,fused_fp32io,64x16/w4/occ3/smem25600,0.28631,3.522e-04
RESULT,512,fused_bf16io,64x16/w4/occ3/smem25600,0.24389,2.365e-03
RESULT,512,fused_fp32io,16x64/w4/occ3/smem25600,0.44427,3.468e-04
RESULT,512,fused_bf16io,16x64/w4/occ3/smem25600,0.38732,2.365e-03
RESULT,1024,cufft_pipeline_fp32,-,1.81797,2.733e-07
RESULT,1024,cufft_core_fp32,-,1.36004,2.733e-07
RESULT,1024,fused_fp32io,64x32/w4/occ3/smem32768,0.45911,3.355e-04
RESULT,1024,fused_bf16io,64x32/w4/occ3/smem32768,0.44003,2.363e-03
RESULT,1024,fused_fp32io,32x64/w4/occ3/smem32768,0.64588,3.371e-04
RESULT,1024,fused_bf16io,32x64/w4/occ3/smem32768,0.62285,2.364e-03
RESULT,1024,fused_fp32io,64x32/w8/occ2/smem36864,0.50442,3.355e-04
RESULT,1024,fused_bf16io,64x32/w8/occ2/smem36864,0.51857,2.363e-03
RESULT,1024,fused_fp32io,32x64/w8/occ2/smem36864,0.71782,3.371e-04
RESULT,1024,fused_bf16io,32x64/w8/occ2/smem36864,0.70945,2.364e-03
RESULT,2048,cufft_pipeline_fp32,-,3.88557,2.957e-07
RESULT,2048,cufft_core_fp32,-,2.93327,2.957e-07
RESULT,2048,fused_fp32io,16x16x16/w4/occ4/smem23552,0.68495,4.697e-04
RESULT,2048,fused_bf16io,16x16x16/w4/occ4/smem23552,0.64050,2.386e-03
RESULT,2048,fused_fp32io,16x16x16/w8/occ3/smem27648,0.67275,4.697e-04
RESULT,2048,fused_bf16io,16x16x16/w8/occ3/smem27648,0.66532,2.386e-03
RESULT,2048,fused_fp32io,64x64/w8/occ1/smem57344,1.65524,3.381e-04
RESULT,2048,fused_bf16io,64x64/w8/occ1/smem57344,1.59808,2.363e-03
RESULT,2048,fused_fp32io,64x64/w4/occ1/smem53248,1.74496,3.381e-04
RESULT,2048,fused_bf16io,64x64/w4/occ1/smem53248,1.74900,2.363e-03
RESULT,4096,cufft_pipeline_fp32,-,7.77459,3.081e-07
RESULT,4096,cufft_core_fp32,-,5.56942,3.081e-07
RESULT,4096,fused_fp32io,32x16x16/w4/occ2/smem43008,1.63439,4.284e-04
RESULT,4096,fused_bf16io,32x16x16/w4/occ2/smem43008,1.48247,2.379e-03
RESULT,4096,fused_fp32io,16x32x16/w4/occ2/smem43008,1.71038,4.261e-04
RESULT,4096,fused_bf16io,16x32x16/w4/occ2/smem43008,1.58420,2.378e-03
RESULT,4096,fused_fp32io,16x16x32/w4/occ2/smem43008,1.83678,4.252e-04
RESULT,4096,fused_bf16io,16x16x32/w4/occ2/smem43008,1.70072,2.378e-03
RESULT,4096,fused_fp32io,32x16x16/w8/occ2/smem47104,1.41891,4.284e-04
RESULT,4096,fused_bf16io,32x16x16/w8/occ2/smem47104,1.34152,2.379e-03
RESULT,4096,fused_fp32io,16x16x32/w8/occ2/smem47104,1.68761,4.252e-04
RESULT,4096,fused_bf16io,16x16x32/w8/occ2/smem47104,1.64118,2.378e-03
RESULT,8192,cufft_pipeline_fp32,-,15.76574,3.684e-07
RESULT,8192,cufft_core_fp32,-,11.55187,3.684e-07
RESULT,8192,fused_fp32io,32x32x16/w4/occ1/smem78848,5.07022,3.972e-04
RESULT,8192,fused_bf16io,32x32x16/w4/occ1/smem78848,4.44657,2.373e-03
RESULT,8192,fused_fp32io,16x32x32/w4/occ1/smem78848,5.83620,3.944e-04
RESULT,8192,fused_bf16io,16x32x32/w4/occ1/smem78848,5.22516,2.372e-03
RESULT,8192,fused_fp32io,64x16x16/w4/occ1/smem88064,5.28051,4.271e-04
RESULT,8192,fused_bf16io,64x16x16/w4/occ1/smem88064,4.99558,2.378e-03
RESULT,8192,fused_fp32io,32x32x16/w8/occ1/smem82944,4.18439,3.972e-04
RESULT,8192,fused_bf16io,32x32x16/w8/occ1/smem82944,3.43431,2.373e-03
RESULT,8192,fused_fp32io,16x32x32/w8/occ1/smem82944,4.66589,3.944e-04
RESULT,8192,fused_bf16io,16x32x32/w8/occ1/smem82944,4.09897,2.372e-03
RESULT,8192,fused_fp32io,16x16x64/w8/occ1/smem92160,6.31904,4.258e-04
RESULT,8192,fused_bf16io,16x16x64/w8/occ1/smem92160,5.61083,2.378e-03
